Name,Stars,Title,Date,Description
Craig Laws,5.0,"5.0 out of 5 stars
It takes the best selling smart speaker and makes it just a little bit better",N/A,medium could loaded two year passed since reviewed amazon echo dot gen 4 new echo dot gen 5 time revisit world alexaif youre familiar echo alexa youll interested first part review ignore everything device appraisal im sure though many people may new smart speaker ive also added section install alexa app set new speaker subsequently echo dot apology going thing might already know lot repeat previous review new territorythe devicethe echo speaker around many year despite best effort google apple amazon alexa still remains smart assistant choice popular smart speaker echo dot bigger better sounding speaker available including amazon larger echo echo dot always hit nice sweet spot performance affordability first couple generation echo dot clearly toe water see ready smart assistant gave u glimpse could achievable didnt sound particularly good weve still got couple generation 2 echo dot live garage shed really sound tinny weak changed generation 3 echo dot seven around house sounded much better sound deeper volume could go much higher losing fidelity microphone also improved entire experience using alexa made big step forwardtwo year ago bought echo dot generation 4 release day shortly afterwards followed larger echo today generation 5 arrived ive spent several hour since playing testing alongside existing speaker similar generation 4so whats different gen 4 5 well visually much real difference could spot loss auxiliary port rear new device beyond difference read press release 5 sonically much improved 4 sidebyside testing struggled see much difference two anything felt alexas voice shes talking seems like shes stood little away still sound great great money great generalwe much bigger better speaker house listening music almost always play echo dot ive got bose speaker right next dot office always use dot music work home im office 916 hour per day echo dot time want absolute best sound youre likely want spend much dedicated sound system general everyday use echo dot brilliant sound remained stable even maximum volume good found alexa able hear command despite cranking volume upsomething new generation 5 introduction tap pause quick tap dome echo pause music simple addition welcome someone ring im working quick tap much better yelling alexa shut accept call another tap resume musici say even two year line still prefer shape echo dot gen 3 preferred puckshape sat lower ground didnt obstruct view monitor desk button volume action turning microphone top globe raised character resembling game controller status light around base speaker rather top gen 3 earlier devicessetting echo usual simple previous alexa system connects straight existing network input first echo device assuming alexa app go device add amazon echo wait connect work moment ready go like gen 3 4 u power cable rather usb cable gen 1 2 usedso verdict rrp reviewed price 5499 5 outgoing gen 4 tap pause feature almost make 5 read early press release new gen 5 also used wifi repeater compatible mesh system eero range didnt see anything mention amazon sale page ive able test like gen 4 gen 5 almost certainly become biggest selling smart speaker market ive happy early time find great albeit minor evolution previous dotonce though real competition echo dot predecessor gen 3 echo dot still available time writing almost good listen think look nicer also quite bit cheaper gen 5 much better gen 3 warrant price premium im sure like keep latest release possibletaken isolation gen 5 amazon echo dot excellent smart speaker gave gen 3 gen 4 fivestar review gen 5 get accolade undoubtedly go bestselling product typehow set echo deviceif youre new world alexa may wondering easy set echo device youve ordered amazon theyll helpfully email guide setting youll need amazon alexa app available apple app store google play store download wait install open app give help various subject tap question mark top right corner home screen guide setting new echo dot found area selecting alexa device echo dot set echo dotas quick overview though plug echo dot short period status light turn orange show setup mode open alexa app bottom menu select device device screen tap button top right choose add device select amazon echo echo echo dot echo plus assuming echo plugged status light orange select yes app search new echo dot complete setup whole process take moment youre ready get creative skill routineswhat alexaa smart speaker actually quite dumb start start adding thing becomes truly smart view youll able ask alexa question play game set alarm reminder get weather forecast general thing youd expect home assistant remember always begin every command wake word alexa altered amazon echo computer wish certain thing play game need enable skill game found menu bottom app youll find hundred thing alexa example regularly play bbc quiz show pointless tenable alexa weather forecast alexa give tenminute countdown example simple commandsas say though echo gateway vast array smart application smart go depends far want go much spend start single echo device quickly expand device every room attached smart device light bulb socket central heating camera first thing may wish use speaker playing music echo compatible main music streaming service apple spotify course amazon music echo get access amazon music free service actually pretty good limited wont find favourite artist recommend try week two might good enough requirement highly recommend upgrading amazon music unlimited better still amazon music unlimited family shared multiple family member necessarily household ive encountered many song arent used iphone full mp3 music stream everything alexa play 80 rock im good hour multiple speaker music played one many housewide coveragephilips hue lightbulb fantastic device theyre expensive compared standard led bulb buy one use conjunction alexa voice control soon become hooked 30 hue bulb dont regret single purchasesmart socket amazon model tplink kasa model recommend great controlling thing like christmas light lampsyour central heating controlled alexa suitable smart thermostat ask alexa whats temperature house determined cold wife wrapped head toe fleece blanket wasnt enough say alexa set house 20 degreessome door bell camera ring product work alexa voice control also alexa show front door shell bring live video suitable device like fire tablet echo showmany television also alexa integration lg oled controlled built alexaa comprehensive smart homeautomation expensive im going sugar pill something interest look extra product black friday deal would tip device ive mentioned shown review purchased amazonill leave though ive waffled long enough hope consider giving echo dot try im opinion worth gadget much use use echo alexa frequently every day read
Miss S. Jewell,5.0,"5.0 out of 5 stars
Echo Dot 5th Gen: Portable Sound Perfection!  ⭐️⭐️⭐️⭐️⭐️",N/A,recently purchased echo dot 5th generation 2022 release glacier white inlaws exceeded expectation making perfect gift appreciate sound quality portabilityfirst foremost sound quality remarkable big vibrant sound emanates compact device truly impressive whether theyre listening favorite tune catching podcasts asking alexa information clarity depth audio enhance overall listening experience truly believed listening music expensive sound bar little dotthe portability echo dot gamechanger inlaws ease take different house whether holiday simply moving room home garden add level convenience thoroughly enjoy compact design make easy pack set wherever gothe wifi bluetooth capability ensure seamless connectivity allowing enjoy music favourite radio station without hassle integration alexa fantastic touch providing handsfree control smart home device access wealth information voice commandthe glacier white color add touch elegance device blending seamlessly various home decor style sleek design modern unobtrusive making stylish addition roomfather law said setting echo dot breeze userfriendly interface make accessible age versatility smart speaker made favourite household enhancing daily routine leisure activitiesin conclusion echo dot 5th generation 2022 release proven fantastic addition inlaws lifestyle combination big vibrant sound portability smart feature made goto device entertainment convenience youre search versatile highquality smart speaker look five star way read
Craig Laws,5.0,"5.0 out of 5 stars
It takes the best selling smart speaker and makes it just a little bit better",N/A,medium could loaded two year passed since reviewed amazon echo dot gen 4 new echo dot gen 5 time revisit world alexaif youre familiar echo alexa youll interested first part review ignore everything device appraisal im sure though many people may new smart speaker ive also added section install alexa app set new speaker subsequently echo dot apology going thing might already know lot repeat previous review new territorythe devicethe echo speaker around many year despite best effort google apple amazon alexa still remains smart assistant choice popular smart speaker echo dot bigger better sounding speaker available including amazon larger echo echo dot always hit nice sweet spot performance affordability first couple generation echo dot clearly toe water see ready smart assistant gave u glimpse could achievable didnt sound particularly good weve still got couple generation 2 echo dot live garage shed really sound tinny weak changed generation 3 echo dot seven around house sounded much better sound deeper volume could go much higher losing fidelity microphone also improved entire experience using alexa made big step forwardtwo year ago bought echo dot generation 4 release day shortly afterwards followed larger echo today generation 5 arrived ive spent several hour since playing testing alongside existing speaker similar generation 4so whats different gen 4 5 well visually much real difference could spot loss auxiliary port rear new device beyond difference read press release 5 sonically much improved 4 sidebyside testing struggled see much difference two anything felt alexas voice shes talking seems like shes stood little away still sound great great money great generalwe much bigger better speaker house listening music almost always play echo dot ive got bose speaker right next dot office always use dot music work home im office 916 hour per day echo dot time want absolute best sound youre likely want spend much dedicated sound system general everyday use echo dot brilliant sound remained stable even maximum volume good found alexa able hear command despite cranking volume upsomething new generation 5 introduction tap pause quick tap dome echo pause music simple addition welcome someone ring im working quick tap much better yelling alexa shut accept call another tap resume musici say even two year line still prefer shape echo dot gen 3 preferred puckshape sat lower ground didnt obstruct view monitor desk button volume action turning microphone top globe raised character resembling game controller status light around base speaker rather top gen 3 earlier devicessetting echo usual simple previous alexa system connects straight existing network input first echo device assuming alexa app go device add amazon echo wait connect work moment ready go like gen 3 4 u power cable rather usb cable gen 1 2 usedso verdict rrp reviewed price 5499 5 outgoing gen 4 tap pause feature almost make 5 read early press release new gen 5 also used wifi repeater compatible mesh system eero range didnt see anything mention amazon sale page ive able test like gen 4 gen 5 almost certainly become biggest selling smart speaker market ive happy early time find great albeit minor evolution previous dotonce though real competition echo dot predecessor gen 3 echo dot still available time writing almost good listen think look nicer also quite bit cheaper gen 5 much better gen 3 warrant price premium im sure like keep latest release possibletaken isolation gen 5 amazon echo dot excellent smart speaker gave gen 3 gen 4 fivestar review gen 5 get accolade undoubtedly go bestselling product typehow set echo deviceif youre new world alexa may wondering easy set echo device youve ordered amazon theyll helpfully email guide setting youll need amazon alexa app available apple app store google play store download wait install open app give help various subject tap question mark top right corner home screen guide setting new echo dot found area selecting alexa device echo dot set echo dotas quick overview though plug echo dot short period status light turn orange show setup mode open alexa app bottom menu select device device screen tap button top right choose add device select amazon echo echo echo dot echo plus assuming echo plugged status light orange select yes app search new echo dot complete setup whole process take moment youre ready get creative skill routineswhat alexaa smart speaker actually quite dumb start start adding thing becomes truly smart view youll able ask alexa question play game set alarm reminder get weather forecast general thing youd expect home assistant remember always begin every command wake word alexa altered amazon echo computer wish certain thing play game need enable skill game found menu bottom app youll find hundred thing alexa example regularly play bbc quiz show pointless tenable alexa weather forecast alexa give tenminute countdown example simple commandsas say though echo gateway vast array smart application smart go depends far want go much spend start single echo device quickly expand device every room attached smart device light bulb socket central heating camera first thing may wish use speaker playing music echo compatible main music streaming service apple spotify course amazon music echo get access amazon music free service actually pretty good limited wont find favourite artist recommend try week two might good enough requirement highly recommend upgrading amazon music unlimited better still amazon music unlimited family shared multiple family member necessarily household ive encountered many song arent used iphone full mp3 music stream everything alexa play 80 rock im good hour multiple speaker music played one many housewide coveragephilips hue lightbulb fantastic device theyre expensive compared standard led bulb buy one use conjunction alexa voice control soon become hooked 30 hue bulb dont regret single purchasesmart socket amazon model tplink kasa model recommend great controlling thing like christmas light lampsyour central heating controlled alexa suitable smart thermostat ask alexa whats temperature house determined cold wife wrapped head toe fleece blanket wasnt enough say alexa set house 20 degreessome door bell camera ring product work alexa voice control also alexa show front door shell bring live video suitable device like fire tablet echo showmany television also alexa integration lg oled controlled built alexaa comprehensive smart homeautomation expensive im going sugar pill something interest look extra product black friday deal would tip device ive mentioned shown review purchased amazonill leave though ive waffled long enough hope consider giving echo dot try im opinion worth gadget much use use echo alexa frequently every day read
Miss S. Jewell,5.0,"5.0 out of 5 stars
Echo Dot 5th Gen: Portable Sound Perfection!  ⭐️⭐️⭐️⭐️⭐️",N/A,recently purchased echo dot 5th generation 2022 release glacier white inlaws exceeded expectation making perfect gift appreciate sound quality portabilityfirst foremost sound quality remarkable big vibrant sound emanates compact device truly impressive whether theyre listening favorite tune catching podcasts asking alexa information clarity depth audio enhance overall listening experience truly believed listening music expensive sound bar little dotthe portability echo dot gamechanger inlaws ease take different house whether holiday simply moving room home garden add level convenience thoroughly enjoy compact design make easy pack set wherever gothe wifi bluetooth capability ensure seamless connectivity allowing enjoy music favourite radio station without hassle integration alexa fantastic touch providing handsfree control smart home device access wealth information voice commandthe glacier white color add touch elegance device blending seamlessly various home decor style sleek design modern unobtrusive making stylish addition roomfather law said setting echo dot breeze userfriendly interface make accessible age versatility smart speaker made favourite household enhancing daily routine leisure activitiesin conclusion echo dot 5th generation 2022 release proven fantastic addition inlaws lifestyle combination big vibrant sound portability smart feature made goto device entertainment convenience youre search versatile highquality smart speaker look five star way read
Craig Laws,5.0,"5.0 out of 5 stars
It takes the best selling smart speaker and makes it just a little bit better",N/A,medium could loaded two year passed since reviewed amazon echo dot gen 4 new echo dot gen 5 time revisit world alexaif youre familiar echo alexa youll interested first part review ignore everything device appraisal im sure though many people may new smart speaker ive also added section install alexa app set new speaker subsequently echo dot apology going thing might already know lot repeat previous review new territorythe devicethe echo speaker around many year despite best effort google apple amazon alexa still remains smart assistant choice popular smart speaker echo dot bigger better sounding speaker available including amazon larger echo echo dot always hit nice sweet spot performance affordability first couple generation echo dot clearly toe water see ready smart assistant gave u glimpse could achievable didnt sound particularly good weve still got couple generation 2 echo dot live garage shed really sound tinny weak changed generation 3 echo dot seven around house sounded much better sound deeper volume could go much higher losing fidelity microphone also improved entire experience using alexa made big step forwardtwo year ago bought echo dot generation 4 release day shortly afterwards followed larger echo today generation 5 arrived ive spent several hour since playing testing alongside existing speaker similar generation 4so whats different gen 4 5 well visually much real difference could spot loss auxiliary port rear new device beyond difference read press release 5 sonically much improved 4 sidebyside testing struggled see much difference two anything felt alexas voice shes talking seems like shes stood little away still sound great great money great generalwe much bigger better speaker house listening music almost always play echo dot ive got bose speaker right next dot office always use dot music work home im office 916 hour per day echo dot time want absolute best sound youre likely want spend much dedicated sound system general everyday use echo dot brilliant sound remained stable even maximum volume good found alexa able hear command despite cranking volume upsomething new generation 5 introduction tap pause quick tap dome echo pause music simple addition welcome someone ring im working quick tap much better yelling alexa shut accept call another tap resume musici say even two year line still prefer shape echo dot gen 3 preferred puckshape sat lower ground didnt obstruct view monitor desk button volume action turning microphone top globe raised character resembling game controller status light around base speaker rather top gen 3 earlier devicessetting echo usual simple previous alexa system connects straight existing network input first echo device assuming alexa app go device add amazon echo wait connect work moment ready go like gen 3 4 u power cable rather usb cable gen 1 2 usedso verdict rrp reviewed price 5499 5 outgoing gen 4 tap pause feature almost make 5 read early press release new gen 5 also used wifi repeater compatible mesh system eero range didnt see anything mention amazon sale page ive able test like gen 4 gen 5 almost certainly become biggest selling smart speaker market ive happy early time find great albeit minor evolution previous dotonce though real competition echo dot predecessor gen 3 echo dot still available time writing almost good listen think look nicer also quite bit cheaper gen 5 much better gen 3 warrant price premium im sure like keep latest release possibletaken isolation gen 5 amazon echo dot excellent smart speaker gave gen 3 gen 4 fivestar review gen 5 get accolade undoubtedly go bestselling product typehow set echo deviceif youre new world alexa may wondering easy set echo device youve ordered amazon theyll helpfully email guide setting youll need amazon alexa app available apple app store google play store download wait install open app give help various subject tap question mark top right corner home screen guide setting new echo dot found area selecting alexa device echo dot set echo dotas quick overview though plug echo dot short period status light turn orange show setup mode open alexa app bottom menu select device device screen tap button top right choose add device select amazon echo echo echo dot echo plus assuming echo plugged status light orange select yes app search new echo dot complete setup whole process take moment youre ready get creative skill routineswhat alexaa smart speaker actually quite dumb start start adding thing becomes truly smart view youll able ask alexa question play game set alarm reminder get weather forecast general thing youd expect home assistant remember always begin every command wake word alexa altered amazon echo computer wish certain thing play game need enable skill game found menu bottom app youll find hundred thing alexa example regularly play bbc quiz show pointless tenable alexa weather forecast alexa give tenminute countdown example simple commandsas say though echo gateway vast array smart application smart go depends far want go much spend start single echo device quickly expand device every room attached smart device light bulb socket central heating camera first thing may wish use speaker playing music echo compatible main music streaming service apple spotify course amazon music echo get access amazon music free service actually pretty good limited wont find favourite artist recommend try week two might good enough requirement highly recommend upgrading amazon music unlimited better still amazon music unlimited family shared multiple family member necessarily household ive encountered many song arent used iphone full mp3 music stream everything alexa play 80 rock im good hour multiple speaker music played one many housewide coveragephilips hue lightbulb fantastic device theyre expensive compared standard led bulb buy one use conjunction alexa voice control soon become hooked 30 hue bulb dont regret single purchasesmart socket amazon model tplink kasa model recommend great controlling thing like christmas light lampsyour central heating controlled alexa suitable smart thermostat ask alexa whats temperature house determined cold wife wrapped head toe fleece blanket wasnt enough say alexa set house 20 degreessome door bell camera ring product work alexa voice control also alexa show front door shell bring live video suitable device like fire tablet echo showmany television also alexa integration lg oled controlled built alexaa comprehensive smart homeautomation expensive im going sugar pill something interest look extra product black friday deal would tip device ive mentioned shown review purchased amazonill leave though ive waffled long enough hope consider giving echo dot try im opinion worth gadget much use use echo alexa frequently every day read
Miss S. Jewell,5.0,"5.0 out of 5 stars
Echo Dot 5th Gen: Portable Sound Perfection!  ⭐️⭐️⭐️⭐️⭐️",N/A,recently purchased echo dot 5th generation 2022 release glacier white inlaws exceeded expectation making perfect gift appreciate sound quality portabilityfirst foremost sound quality remarkable big vibrant sound emanates compact device truly impressive whether theyre listening favorite tune catching podcasts asking alexa information clarity depth audio enhance overall listening experience truly believed listening music expensive sound bar little dotthe portability echo dot gamechanger inlaws ease take different house whether holiday simply moving room home garden add level convenience thoroughly enjoy compact design make easy pack set wherever gothe wifi bluetooth capability ensure seamless connectivity allowing enjoy music favourite radio station without hassle integration alexa fantastic touch providing handsfree control smart home device access wealth information voice commandthe glacier white color add touch elegance device blending seamlessly various home decor style sleek design modern unobtrusive making stylish addition roomfather law said setting echo dot breeze userfriendly interface make accessible age versatility smart speaker made favourite household enhancing daily routine leisure activitiesin conclusion echo dot 5th generation 2022 release proven fantastic addition inlaws lifestyle combination big vibrant sound portability smart feature made goto device entertainment convenience youre search versatile highquality smart speaker look five star way read
